firstname,lastname,mobile,email1,email2
Fancie,Carswell,726-369-5311,fcarswell0@shop-pro.jp,fcarswell0@dailymotion.com
Charis,Thornham,449-183-8533,cthornham1@exblog.jp,cthornham1@yolasite.com
Rubia,Kittless,179-946-3282,rkittless2@who.int,
Charlena,Grzelak,132-131-9992,cgrzelak3@ifeng.com,cgrzelak3@wired.com
Abbie,Coldtart,383-521-5384,acoldtart4@free.fr,acoldtart4@discovery.com
Penni,Sykora,406-726-6324,psykora5@techcrunch.com,psykora5@sakura.ne.jp
Gizela,Ambler,980-427-2434,gambler6@miibeian.gov.cn,
Lexie,Wilber,835-417-2729,lwilber7@narod.ru,lwilber7@mozilla.org
Cordula,Guidetti,899-623-3981,cguidetti8@macromedia.com,
Eugenie,Lambert,938-267-8303,elambert9@wired.com,
Odella,Pavett,537-645-9891,opavetta@cmu.edu,
Bonnee,Ebbings,382-905-7728,bebbingsb@unesco.org,bebbingsb@cornell.edu
Codi,Kinnock,274-124-4299,ckinnockc@microsoft.com,
Hildy,Schollar,120-314-4855,hschollard@gov.uk,hschollard@columbia.edu
Florette,Steven,200-987-0391,fstevene@linkedin.com,fstevene@samsung.com
Merola,Reffe,978-352-1626,mreffef@noaa.gov,mreffef@slate.com
Nina,Mudge,946-448-3260,nmudgeg@va.gov,
Eugenia,Hoodspeth,963-445-0438,ehoodspethh@businessweek.com,ehoodspethh@xing.com
Tarrah,Kensit,261-802-6586,tkensiti@skype.com,tkensiti@google.com.br
Verene,Elcox,184-400-4391,velcoxj@qq.com,
Sacha,Rooper,380-660-5133,srooperk@pagesperso-orange.fr,srooperk@sciencedirect.com
Ursuline,Startin,460-276-1755,ustartinl@liveinternet.ru,ustartinl@surveymonkey.com
Celestina,Stubs,565-381-3033,cstubsm@technorati.com,cstubsm@google.fr
Inessa,Faichnie,640-862-9012,ifaichnien@tripadvisor.com,ifaichnien@harvard.edu
Dorthy,Shankle,258-256-9182,dshankleo@hugedomains.com,dshankleo@acquirethisname.com
Pammy,McIlwraith,364-702-9116,pmcilwraithp@slideshare.net,pmcilwraithp@engadget.com
Kathie,Millhouse,394-736-4286,kmillhouseq@vimeo.com,
Isidora,Dollin,855-652-9751,idollinr@jiathis.com,idollinr@weather.com
Nina,Lyddy,792-232-7555,nlyddys@state.tx.us,nlyddys@unblog.fr
Alvinia,O'Moylane,582-436-8297,aomoylanet@freewebs.com,
Siana,Caldayrou,268-326-3436,scaldayrouu@yellowbook.com,
Kevyn,Deveral,731-918-6220,kdeveralv@addthis.com,kdeveralv@tripod.com
Ginger,Impett,852-186-7159,gimpettw@chicagotribune.com,gimpettw@eventbrite.com
Bee,Gudgin,288-325-6930,bgudginx@nba.com,bgudginx@nhs.uk
Analiese,Van Halle,582-762-6946,avanhalley@fotki.com,avanhalley@miibeian.gov.cn
Lib,Killerby,910-593-6956,lkillerbyz@chicagotribune.com,lkillerbyz@i2i.jp
Estele,Jessope,410-287-0613,ejessope10@dailymail.co.uk,ejessope10@economist.com
Gerrilee,Ianetti,332-600-2017,gianetti11@naver.com,gianetti11@wsj.com
Constantina,Girhard,370-977-1671,cgirhard12@wordpress.org,cgirhard12@weebly.com
Elonore,Choffin,658-800-6523,echoffin13@cnet.com,
Julieta,Yoslowitz,934-196-4358,jyoslowitz14@vimeo.com,jyoslowitz14@nature.com
Shena,Saunder,495-201-5437,ssaunder15@webeden.co.uk,
Rennie,Middlebrook,137-566-7699,rmiddlebrook16@twitter.com,
Elinore,Guice,784-577-4687,eguice17@elegantthemes.com,eguice17@walmart.com
Aggi,Guesford,169-653-3551,aguesford18@edublogs.org,aguesford18@google.co.uk
Reeva,Jepperson,160-246-0842,rjepperson19@dell.com,rjepperson19@ted.com
Ally,O'Glessane,929-385-5403,aoglessane1a@tinypic.com,
Nyssa,MacGorrie,817-963-8088,nmacgorrie1b@sitemeter.com,
Cassi,Rotherforth,517-532-7650,crotherforth1c@mozilla.org,
Arabele,Farndale,597-695-4473,afarndale1d@dropbox.com,afarndale1d@salon.com
Claretta,Du Pre,127-980-3221,cdupre1e@usnews.com,cdupre1e@guardian.co.uk
Anastassia,Maccraw,228-466-1397,amaccraw1f@va.gov,
Ernestine,Diegan,913-476-5644,ediegan1g@hhs.gov,ediegan1g@wordpress.org
Auguste,Deighan,153-305-6935,adeighan1h@upenn.edu,
Ginevra,Raffon,310-720-3947,graffon1i@reference.com,
Sela,Culverhouse,761-989-9156,sculverhouse1j@nifty.com,sculverhouse1j@columbia.edu
Florina,Brennan,708-573-2288,fbrennan1k@freewebs.com,fbrennan1k@ucla.edu
Janelle,Stallon,736-918-5037,jstallon1l@blinklist.com,jstallon1l@delicious.com
Lauri,Grece,394-349-8715,lgrece1m@miitbeian.gov.cn,lgrece1m@thetimes.co.uk
Brittaney,Dunkersley,480-290-8518,bdunkersley1n@geocities.jp,
Jerry,Walkey,666-903-8201,jwalkey1o@vistaprint.com,jwalkey1o@tmall.com
Saloma,Laurenceau,310-511-3714,slaurenceau1p@ftc.gov,slaurenceau1p@purevolume.com
Kiersten,Denver,806-736-7679,kdenver1q@instagram.com,kdenver1q@dyndns.org
Kathy,Yushin,768-526-2109,kyushin1r@dropbox.com,kyushin1r@unesco.org
Teri,Manilo,668-954-7538,tmanilo1s@google.pl,tmanilo1s@yahoo.co.jp
Row,Taphouse,365-885-5493,rtaphouse1t@washington.edu,
Hallie,Byrkmyr,387-319-1694,hbyrkmyr1u@yolasite.com,hbyrkmyr1u@spotify.com
Carrissa,Hanton,499-506-8930,chanton1v@sciencedaily.com,chanton1v@ucoz.ru
Oralee,Rustman,888-132-4975,orustman1w@cdc.gov,orustman1w@shop-pro.jp
Elsa,Mallett,856-798-6185,emallett1x@google.com.hk,
Lotta,Munday,181-422-2434,lmunday1y@cafepress.com,
Con,Sheehy,234-905-6062,csheehy1z@yahoo.co.jp,csheehy1z@unesco.org
Devinne,Bauld,927-543-1876,dbauld20@intel.com,
Mela,Najera,325-760-7382,mnajera21@vk.com,mnajera21@tiny.cc
Alyson,Aubrun,844-809-2224,aaubrun22@theguardian.com,aaubrun22@tuttocitta.it
Danna,Spurett,328-412-0142,dspurett23@harvard.edu,dspurett23@bluehost.com
Jaclin,Priestner,487-396-7291,jpriestner24@hubpages.com,jpriestner24@washingtonpost.com
Stefa,Volkes,228-195-7963,svolkes25@ed.gov,svolkes25@acquirethisname.com
Gabriellia,MacGhee,455-369-5910,gmacghee26@google.co.uk,gmacghee26@blogspot.com
Camilla,Sparks,641-283-9695,csparks27@independent.co.uk,
Bernice,Standage,891-708-5584,bstandage28@apple.com,bstandage28@istockphoto.com
Robinette,Burroughes,582-256-3424,rburroughes29@house.gov,rburroughes29@tripod.com
Amabelle,O'Doghesty,635-320-9590,aodoghesty2a@comsenz.com,aodoghesty2a@123-reg.co.uk
Maitilde,McLoney,105-707-8029,mmcloney2b@state.tx.us,mmcloney2b@uiuc.edu
Ilene,Westgarth,384-339-0794,iwestgarth2c@parallels.com,
Clarita,Simmig,248-646-5712,csimmig2d@businesswire.com,csimmig2d@barnesandnoble.com
Nanny,Conigsby,266-434-9317,nconigsby2e@cdbaby.com,
Lisha,Estrella,919-239-0817,lestrella2f@free.fr,
Scarlett,Magill,817-435-9733,smagill2g@hhs.gov,
Tamara,Pretsell,810-955-1323,tpretsell2h@cpanel.net,tpretsell2h@bravesites.com
Chrystal,Tunney,302-193-2804,ctunney2i@pinterest.com,ctunney2i@virginia.edu
Dionne,Coule,278-637-3879,dcoule2j@tamu.edu,dcoule2j@nifty.com
Laney,Tripony,702-158-6064,ltripony2k@qq.com,ltripony2k@istockphoto.com
Ailis,Borgnet,158-282-7954,aborgnet2l@hostgator.com,aborgnet2l@hud.gov
Marketa,Bertenshaw,491-302-5719,mbertenshaw2m@g.co,mbertenshaw2m@ocn.ne.jp
Livy,Piotrowski,884-537-1450,lpiotrowski2n@princeton.edu,
Quinta,Cammidge,185-421-8480,qcammidge2o@epa.gov,qcammidge2o@wix.com
Stephana,Whight,335-354-3749,swhight2p@nifty.com,
Frayda,Grotty,106-237-8408,fgrotty2q@prweb.com,fgrotty2q@mediafire.com
Joye,Chipperfield,554-612-5621,jchipperfield2r@yahoo.co.jp,jchipperfield2r@over-blog.com
