Kai,Danilovich,599-460-9206,kdanilovich0@example.com,kdanilovich0@soundcloud.com
Tuesday,,102-839-0908,tkern1@scientificamerican.com,tkern1@slate.com
Joline,Vinsen,237-932-9093,jvinsen2@bloglines.com,jvinsen2@ox.ac.uk
Salaidh,Flannigan,394-372-4685,sflannigan3@mediafire.com
Cindie,Mulchrone,335-121-7031,cmulchrone4@bigcartel.com,cmulchrone4@elegantthemes.com
Adoree,Hargreaves,216-589-0511
Gaby,Yockley,gyockley6@cnbc.com,gyockley6@photobucket.com
Corri,Jakoub,378-360-7350,cjakoub7@linkedin.com,cjakoub7@npr.org
Priscilla,,638-249-0797,pbuchett8@dedecms.com
Blancha,Hencke,777-800-5437,bhencke9@ucoz.com,bhencke9@constantcontact.com
Ermentrude,Riches,166-907-8139,erichesa@quantcast.com,erichesa@g.co
Ede,Dewer,392-134-6664,edewerb@g.co
Paola,,114-605-2285,pwalesac@dmoz.org
Dedra,Lawles,640-208-1867,,dlawlesd@cyberchimps.com,swilboreu@1688.com,swilboreu@blogger.com
Roda,Brundale,694-614-6308,rbrundalee@mapy.cz,rbrundalee@cyberchimps.com,jwincerv@nature.com
Farrah,Bason,717-241-5030,466-124-3666,fbasonf@yahoo.com,fbasonf@pcworld.com,rlisimorew@dropbox.com,rlisimorew@woothemes.com
Jemmie,Crowter,585-600-3781,804-714-5413,jcrowterg@barnesandnoble.com,jcrowterg@businesswire.com,ldigancex@icq.com,ldigancex@rambler.ru
Lisabeth,Simkovitz,lsimkovitzh@unblog.fr,lsimkovitzh@wordpress.com
Thomasina,Eglise,214-244-7072,teglisei@senate.gov,teglisei@yahoo.co.jp
Reena,,482-836-5071,rcollyerj@weibo.com,rcollyerj@webnode.com
Kimmy,Thurlborn,527-958-8225,kthurlbornk@networkadvertising.org,kthurlbornk@vinaora.com
Anabal,Cunney,921-553-1864,acunneyl@weather.com
Nerte,Tofts,525-432-7030,ntoftsm@symantec.com,ntoftsm@mlb.com
Meredithe,Joburn,501-526-2556,mjoburnn@mail.ru
Giuditta,Joerning,gjoerningo@netlog.com
Corliss,,257-629-3800,cfrostdickep@csmonitor.com,cfrostdickep@theglobeandmail.com
Gunilla,,128-240-2575,gbellowsq@cnet.com
Clarie,Brotherton,214-711-2017,cbrothertonr@hubpages.com,cbrothertonr@vimeo.com
Coraline,Blennerhassett,843-129-0388,cblennerhassetts@twitpic.com,cblennerhassetts@xing.com
Trudie,Lucien,809-139-4842,tlucient@goo.ne.jp,tlucient@tmall.com
Kipp,Haukey,926-967-7519,khaukeyy@wsj.com,khaukeyy@arizona.edu
Rozamond,Beevens,355-945-3423,rbeevensz@kickstarter.com
Karlen,Schruurs,464-584-1992,kschruurs10@comcast.net
Adorne,Stango,238-628-5373,953-740-4427,astango11@mysql.com,astango11@disqus.com,ctorns1y@independent.co.uk,ctorns1y@epa.gov
Erminia,Klimashevich,195-383-7202,361-437-3547,eklimashevich12@dailymail.co.uk,dasgodby1z@sakura.ne.jp,dasgodby1z@newyorker.com
Roxanne,Delue,841-202-8626,970-998-5164,rdelue13@ask.com,rdelue13@jalbum.net,cbranson20@yahoo.com
Lesly,,991-507-7688,loneil14@yahoo.com,loneil14@wp.com
Olva,Congreave,503-719-2126,ocongreave15@ebay.com,ocongreave15@amazon.co.jp
Zorana,Hartrick,293-939-4620,zhartrick16@barnesandnoble.com,zhartrick16@rediff.com
,Lawles,824-389-7620,dbeebis17@gizmodo.com
,Brundale,bjenik18@ocn.ne.jp
,Bason,599-724-1485,rsola19@wordpress.org
,Crowter,444-592-5145,bjolliffe1a@gmpg.org,bjolliffe1a@businesswire.com
Silvana,,887-819-5865,swesgate1b@ezinearticles.com,swesgate1b@timesonline.co.uk
Ulla,Zanetto,214-998-6599,uzanetto1c@npr.org
Esme,Antoniat,313-425-1012,eantoniat1d@reddit.com,eantoniat1d@ask.com
Mercie,Wilbud,266-339-6258,mwilbud1e@aol.com
Nat,,907-550-7481,nbracey1f@sfgate.com,nbracey1f@eepurl.com
Tracy,Latchford,tlatchford1g@mayoclinic.com,tlatchford1g@rediff.com
Juline,MacKain,875-432-8145,jmackain1h@bigcartel.com,jmackain1h@tripod.com
Tessie,Kevern,880-927-5014,tkevern1i@cornell.edu,tkevern1i@bigcartel.com
Reeba,Folder,162-411-4473,rfolder1j@unesco.org,rfolder1j@nih.gov
Matilda,Blunkett,727-825-6620,mblunkett1k@liveinternet.ru
Kristyn,Manz,373-958-1746,kmanz1l@devhub.com
Lesli,,528-777-6039,lmcgirl1m@deviantart.com,lmcgirl1m@diigo.com
Anet,Prazor,926-399-0000,aprazor1n@hhs.gov,aprazor1n@macromedia.com
Shaylah,Cerro,481-966-9650,scerro1o@walmart.com
Gwenneth,Morot,282-344-1171,gmorot1p@privacy.gov.au,gmorot1p@issuu.com
Arabella,Horribine,838-815-7143,ahorribine1q@xinhuanet.com,ahorribine1q@wiley.com
Herta,,978-427-1394,hcawthorne1r@harvard.edu
Janine,Giannazzo,706-970-5387,jgiannazzo1s@google.es,jgiannazzo1s@about.com
Lauree,Sorel,477-272-0167,lsorel1t@ycombinator.com
Oralia,Antognetti,633-811-3513,oantognetti1u@cpanel.net
Anallese,Chaffin,942-959-2101,achaffin1v@foxnews.com,achaffin1v@1688.com
Lisetta,,lpledger1w@goo.gl,lpledger1w@state.gov
Rita,Warcop,356-110-8798,rwarcop1x@homestead.com,rwarcop1x@usda.gov,gvenmore2r@businesswire.com,gvenmore2r@google.de
Fancie,Carswell,726-369-5311,fcarswell0@shop-pro.jp,fcarswell0@dailymotion.com
Charis,Thornham,175-980-7661,mrotter22@thetimes.co.uk
Rubia,Kittless,967-501-6581,amellers23@earthlink.net,amellers23@google.de
Charlena,Grzelak,132-131-9992,cgrzelak3@ifeng.com,cgrzelak3@wired.com
Abbie,Coldtart,383-521-5384,acoldtart4@discovery.com
Penni,Sykora,406-726-6324,psykora5@techcrunch.com,psykora5@sakura.ne.jp
Gizela,Ambler,980-427-2434,gambler6@miibeian.gov.cn
Lexie,Wilber,279-959-6332,mkopje28@nationalgeographic.com,mkopje28@kickstarter.com
Lebbie,Goldsmith,456-936-1650,lgoldsmith29@webmd.com
Oralia,Shackelton,898-132-2620,oshackelton2a@over-blog.com,oshackelton2a@addtoany.com
Nevsa,Alvarado,543-287-5935,nalvarado2b@blogs.com,nalvarado2b@devhub.com
Corry,Grainge,672-150-7691,cgrainge2c@smh.com.au
Brina,Hansard,148-768-3298,bhansard2d@woothemes.com,bhansard2d@bizjournals.com
Hildy,Schollar,120-314-4855,hschollard@gov.uk,hschollard@columbia.edu
Florette,Steven,200-987-0391,fstevene@linkedin.com,fstevene@samsung.com
Merola,Reffe,978-352-1626,mreffef@noaa.gov,mreffef@slate.com
Ortensia,Sharper,490-396-7636,osharper2h@netscape.com,osharper2h@bloglines.com
Cher,McGillacoell,929-734-0697,cmcgillacoell2i@hexun.com,cmcgillacoell2i@mlb.com
Monica,,594-743-4339,mforsdyke2j@bbb.org,mforsdyke2j@guardian.co.uk
Marion,McCahill,882-467-2918,mmccahill2k@usgs.gov
Pammy,McIlwraith,364-702-9116,pmcilwraithp@slideshare.net,pmcilwraithp@engadget.com
Kathie,Millhouse,394-736-4286,kmillhouseq@vimeo.com
Harriette,Nielson,918-340-7597,hnielson2n@ucoz.ru,hnielson2n@blinklist.com
Florry,Bryson,393-144-8459,fbryson2o@marketwatch.com,fbryson2o@themeforest.net
Anallese,,103-355-1200,jrawdales2p@infoseek.co.jp,jrawdales2p@wix.com
Lisetta,Pledger,300-198-2024,smatzkaitis2q@reuters.com
Henry,Chen,0452 611 415,alpha@beta.gamam
Alex,Holt
Ura,Nimps
Charis,,cthornham1@exblog.jp,cthornham1@yolasite.com
Rubia,,rkittless2@who.int
Lexie,,lwilber7@narod.ru,lwilber7@mozilla.org
Cordula,Guidetti,899-623-3981,cguidetti8@macromedia.com
Eugenie,Lambert,938-267-8303,elambert9@wired.com
Odella,Pavett,537-645-9891,opavetta@cmu.edu
Bonnee,,bebbingsb@cornell.edu
Codi,Kinnock,274-124-4299,ckinnockc@microsoft.com
Nina,Mudge,946-448-3260,nmudgeg@va.gov
Eugenia,Hoodspeth,963-445-0438,ehoodspethh@businessweek.com,ehoodspethh@xing.com
Tarrah,Kensit,261-802-6586,tkensiti@skype.com,tkensiti@google.com.br
Verene,Elcox,184-400-4391
Sacha,Rooper,srooperk@sciencedirect.com
Ursuline,Startin,460-276-1755,ustartinl@surveymonkey.com
Celestina,Stubs,565-381-3033,cstubsm@google.fr
Inessa,Faichnie,640-862-9012,ifaichnien@tripadvisor.com,ifaichnien@harvard.edu
,Shankle,258-256-9182,dshankleo@hugedomains.com,dshankleo@acquirethisname.com
Isidora,Dollin,855-652-9751,idollinr@jiathis.com,idollinr@weather.com
Nina,Lyddy,nlyddys@state.tx.us,nlyddys@unblog.fr
Alvinia,O'Moylane,aomoylanet@freewebs.com
Siana,Caldayrou,scaldayrouu@yellowbook.com
Kevyn,Deveral,kdeveralv@addthis.com,kdeveralv@tripod.com
Ginger,Impett,gimpettw@chicagotribune.com,gimpettw@eventbrite.com
Bee,Gudgin,288-325-6930,bgudginx@nba.com,bgudginx@nhs.uk
Analiese,Van Halle,582-762-6946,avanhalley@fotki.com,avanhalley@miibeian.gov.cn
Lib,Killerby,lkillerbyz@chicagotribune.com,lkillerbyz@i2i.jp
Estele,Jessope,410-287-0613,ejessope10@dailymail.co.uk,ejessope10@economist.com
Gerrilee,Ianetti,332-600-2017,gianetti11@naver.com,gianetti11@wsj.com
,Girhard,370-977-1671,cgirhard12@wordpress.org,cgirhard12@weebly.com
Elonore,Choffin,658-800-6523,echoffin13@cnet.com
Julieta,Yoslowitz,934-196-4358,jyoslowitz14@vimeo.com,jyoslowitz14@nature.com
Shena,Saunder,ssaunder15@webeden.co.uk
Rennie,,137-566-7699,rmiddlebrook16@twitter.com
Elinore,Guice,784-577-4687,eguice17@walmart.com
,Guesford,169-653-3551,aguesford18@google.co.uk
Reeva,Jepperson,160-246-0842,rjepperson19@ted.com
Ally,O'Glessane
Nyssa,MacGorrie,817-963-8088,nmacgorrie1b@sitemeter.com
Cassi,,crotherforth1c@mozilla.org
Arabele,Farndale,597-695-4473,afarndale1d@dropbox.com,afarndale1d@salon.com
Claretta,Du Pre,cdupre1e@usnews.com,cdupre1e@guardian.co.uk
Anastassia,Maccraw,228-466-1397,amaccraw1f@va.gov
Ernestine,Diegan,913-476-5644,ediegan1g@hhs.gov,ediegan1g@wordpress.org
Auguste,,153-305-6935,adeighan1h@upenn.edu
Ginevra,,310-720-3947,graffon1i@reference.com
Sela,Culverhouse,761-989-9156,sculverhouse1j@nifty.com,sculverhouse1j@columbia.edu
Florina,Brennan,708-573-2288,fbrennan1k@freewebs.com,fbrennan1k@ucla.edu
Janelle,Stallon,736-918-5037,jstallon1l@blinklist.com,jstallon1l@delicious.com
,,394-349-8715,335-354-3749,lgrece1m@miitbeian.gov.cn,lgrece1m@thetimes.co.uk,swhight2p@nifty.com
Brittaney,Dunkersley,480-290-8518,bdunkersley1n@geocities.jp
Jerry,Walkey,666-903-8201,jwalkey1o@vistaprint.com,jwalkey1o@tmall.com
Saloma,Laurenceau,310-511-3714,slaurenceau1p@ftc.gov,slaurenceau1p@purevolume.com
Kiersten,Denver,806-736-7679,kdenver1q@instagram.com,kdenver1q@dyndns.org
Kathy,Yushin,768-526-2109,kyushin1r@dropbox.com,kyushin1r@unesco.org
Teri,Manilo,668-954-7538,tmanilo1s@google.pl,tmanilo1s@yahoo.co.jp
Row,Taphouse,rtaphouse1t@washington.edu
Hallie,Byrkmyr,387-319-1694,hbyrkmyr1u@yolasite.com,hbyrkmyr1u@spotify.com
,Hanton,499-506-8930,chanton1v@sciencedaily.com,chanton1v@ucoz.ru
Oralee,Rustman,888-132-4975,orustman1w@cdc.gov,orustman1w@shop-pro.jp
Elsa,Mallett,856-798-6185,emallett1x@google.com.hk
Lotta,Munday,181-422-2434,lmunday1y@cafepress.com
Con,Sheehy,234-905-6062,csheehy1z@yahoo.co.jp,csheehy1z@unesco.org
Devinne,Bauld,927-543-1876,dbauld20@intel.com
Mela,Najera,325-760-7382,mnajera21@vk.com,mnajera21@tiny.cc
Alyson,Aubrun,844-809-2224,aaubrun22@theguardian.com,aaubrun22@tuttocitta.it
Danna,Spurett,328-412-0142,dspurett23@harvard.edu,dspurett23@bluehost.com
Jaclin,Priestner,487-396-7291,jpriestner24@hubpages.com,jpriestner24@washingtonpost.com
Stefa,Volkes,228-195-7963,svolkes25@ed.gov,svolkes25@acquirethisname.com
Gabriellia,MacGhee,455-369-5910,gmacghee26@google.co.uk,gmacghee26@blogspot.com
Camilla,Sparks,641-283-9695,csparks27@independent.co.uk
Bernice,Standage,891-708-5584,bstandage28@apple.com,bstandage28@istockphoto.com
Robinette,Burroughes,582-256-3424,rburroughes29@house.gov,rburroughes29@tripod.com
Amabelle,O'Doghesty,635-320-9590,aodoghesty2a@comsenz.com,aodoghesty2a@123-reg.co.uk
Maitilde,McLoney,105-707-8029,mmcloney2b@state.tx.us,mmcloney2b@uiuc.edu
Ilene,Westgarth,384-339-0794,iwestgarth2c@parallels.com
Clarita,Simmig,248-646-5712,csimmig2d@businesswire.com,csimmig2d@barnesandnoble.com
Nanny,,266-434-9317,nconigsby2e@cdbaby.com
Lisha,Estrella,919-239-0817,lestrella2f@free.fr
,Magill,817-435-9733,smagill2g@hhs.gov
Tamara,Pretsell,810-955-1323,tpretsell2h@cpanel.net,tpretsell2h@bravesites.com
Chrystal,Tunney,302-193-2804,ctunney2i@pinterest.com,ctunney2i@virginia.edu
Dionne,,278-637-3879,dcoule2j@tamu.edu,dcoule2j@nifty.com
Laney,Tripony,702-158-6064,ltripony2k@qq.com,ltripony2k@istockphoto.com
,Borgnet,158-282-7954,aborgnet2l@hostgator.com,aborgnet2l@hud.gov
Marketa,Bertenshaw,491-302-5719,mbertenshaw2m@g.co,mbertenshaw2m@ocn.ne.jp
Livy,Piotrowski,lpiotrowski2n@princeton.edu
Quinta,Cammidge,185-421-8480,qcammidge2o@epa.gov,qcammidge2o@wix.com
Frayda,Grotty,106-237-8408,fgrotty2q@prweb.com,fgrotty2q@mediafire.com
Joye,Chipperfield,554-612-5621,jchipperfield2r@yahoo.co.jp,jchipperfield2r@over-blog.com
